Title,Date
"Marvel's Daredevil: Season 3: A New Napkin","12/30/21"
"Marvel's Daredevil: Season 3: One Last Shot","12/29/21"
"Marvel's Daredevil: Season 3: Reunion","12/29/21"
"Marvel's Daredevil: Season 3: Karen","12/29/21"
"Marvel's Daredevil: Season 3: Revelations","12/29/21"
"Marvel's Daredevil: Season 3: Upstairs/Downstairs","12/29/21"
"Marvel's Daredevil: Season 3: Aftermath","12/28/21"
"Marvel's Daredevil: Season 3: The Devil You Know","12/28/21"
"Marvel's Daredevil: Season 3: The Perfect Game","12/28/21"
"Marvel's Daredevil: Season 3: Blindsided","12/28/21"
"Marvel's Daredevil: Season 3: No Good Deed","12/28/21"
"Marvel's Daredevil: Season 3: Please","12/27/21"
"Marvel's Daredevil: Season 3: Resurrection","12/27/21"
"Marvel's Daredevil: Season 2: A Cold Day in Hell's Kitchen","12/26/21"
"Marvel's Daredevil: Season 2: The Dark at the End of the Tunnel","12/26/21"
"Marvel's Daredevil: Season 2: .380","12/26/21"
"Marvel's Daredevil: Season 2: The Man in the Box","12/26/21"
"Marvel's Daredevil: Season 2: Seven Minutes in Heaven","12/26/21"
"Marvel's Daredevil: Season 2: Guilty as Sin","12/26/21"
"Marvel's Daredevil: Season 2: Semper Fidelis","12/25/21"
"Marvel's Daredevil: Season 2: Regrets Only","12/25/21"
"Marvel's Daredevil: Season 2: Kinbaku","12/24/21"
"Marvel's Daredevil: Season 2: Penny and Dime","12/23/21"
"Marvel's Daredevil: Season 2: New York's Finest","12/23/21"
"Marvel's Daredevil: Season 2: Dogs to a Gunfight","12/23/21"
"Marvel's Daredevil: Season 2: Bang","12/23/21"
"Marvel's Daredevil: Season 1: Daredevil","12/22/21"
"Marvel's Daredevil: Season 1: The Ones We Leave Behind","12/21/21"
"Marvel's Daredevil: Season 1: The Path of the Righteous","12/21/21"
"Marvel's Daredevil: Season 1: Nelson v. Murdock","12/21/21"
"Marvel's Daredevil: Season 1: Speak of the Devil","12/21/21"
"Marvel's Daredevil: Season 1: Shadows in the Glass","12/20/21"
"Marvel's Daredevil: Season 1: Stick","12/20/21"
"Marvel's Daredevil: Season 1: Condemned","12/20/21"
"Marvel's Daredevil: Season 1: World on Fire","12/20/21"
"Marvel's Daredevil: Season 1: In the Blood","12/20/21"
"Marvel's Daredevil: Season 1: Rabbit in a Snowstorm","12/19/21"
"Marvel's Daredevil: Season 1: Cut Man","12/19/21"
"Marvel's Daredevil: Season 1: Into the Ring","12/19/21"
"Generation Iron 3","12/15/21"
"Spider-Man 2","12/14/21"
"Spider-Man","12/4/21"
"Love & Other Drugs","10/14/21"
"No Strings Attached","10/8/21"
"Squid Game: Season 1: Red Light, Green Light","10/4/21"
"Extremely Wicked, Shockingly Evil and Vile","7/17/21"
"Money, Explained: Limited Series: Get Rich Quick","7/17/21"
"Love, Death & Robots: Volume 2: Automated Customer Service","7/8/21"
"Love, Death & Robots: Volume 1: LUCKY 13","7/8/21"
"Love, Death & Robots: Volume 1: ALTERNATE HISTORIES","7/8/21"
"Love, Death & Robots: Volume 1: HELPING HAND","7/6/21"
"Love, Death & Robots: Volume 1: WHEN THE YOGURT TOOK OVER","7/6/21"
"Lupin: Part 2: Chapter 10","7/6/21"
"Lupin: Part 2: Chapter 9","7/6/21"
"Lupin: Part 2: Chapter 8","7/6/21"
"Lupin: Part 2: Chapter 7","7/5/21"
"Lupin: Part 2: Chapter 6","7/5/21"
"Army of the Dead","5/25/21"
"The Woman in the Window","5/16/21"
"I See You","5/11/21"
"White Chicks","5/11/21"
"Rick and Morty: Season 4: Star Mort Rick Turn of the Jerri","4/30/21"
"Rick and Morty: Season 4: Childrick of Mort","4/30/21"
"Rick and Morty: Season 4: The Vat of Acid Episode","4/27/21"
"Rick and Morty: Season 4: Promortyus","4/26/21"
"Rick and Morty: Season 4: Never Ricking Morty","4/26/21"
"Rick and Morty: Season 4: Rattlestar Ricklactica","4/25/21"
"Rick and Morty: Season 4: Claw and Hoarder: Special Ricktim’s Morty","4/19/21"
"Rick and Morty: Season 4: One Crew over the Crewcoo’s Morty","4/18/21"
"Rick and Morty: Season 4: The Old Man and the Seat","4/18/21"
"Rick and Morty: Season 4: Edge of Tomorty: Rick Die Rickpeat","4/18/21"
"Rick and Morty: Season 3: The Rickchurian Mortydate","4/17/21"
"Behind the Curve","4/15/21"
"Rick and Morty: Season 3: The ABC's of Beth","4/14/21"
"Rick and Morty: Season 3: Morty's Mind Blowers","4/14/21"
"Rick and Morty: Season 3: The Ricklantis Mixup","4/14/21"
"Rick and Morty: Season 3: Rest and Ricklaxation","4/13/21"
"Rick and Morty: Season 3: The Whirly Dirly Conspiracy","4/13/21"
"Rick and Morty: Season 3: Vindicators 3:  The Return of Worldender","4/13/21"
"Cowspiracy: The Sustainability Secret","4/12/21"
"Rick and Morty: Season 3: Pickle Rick","4/12/21"
"Rick and Morty: Season 3: Rickmancing the Stone","4/11/21"
"Rick and Morty: Season 3: The Rickshank Rickdemption","4/11/21"
"Rick and Morty: Season 2: The Wedding Squanchers","4/11/21"
"Rick and Morty: Season 2: Look Who's Purging Now","4/10/21"
"Rick and Morty: Season 2: Interdimensional Cable 2: Tempting Fate","4/10/21"
"Rick and Morty: Season 2: Big Trouble in Little Sanchez","4/10/21"
"Rick and Morty: Season 2: The Ricks Must Be Crazy","4/10/21"
"Rick and Morty: Season 2: Get Schwifty","4/10/21"
"Rick and Morty: Season 2: Total Rickall","4/9/21"
"Seaspiracy","4/8/21"
"Formula 1: Drive to Survive: Season 3: Down to the Wire","4/6/21"
"Formula 1: Drive to Survive: Season 3: Man On Fire","4/5/21"
"Formula 1: Drive to Survive: Season 3: No Regrets","4/5/21"
"Formula 1: Drive to Survive: Season 3: Guenther's Choice","4/5/21"
"Formula 1: Drive to Survive: Season 3: The Comeback Kid","4/5/21"
"Formula 1: Drive to Survive: Season 3: The End of the Affair","4/5/21"
"Formula 1: Drive to Survive: Season 3: We Need to Talk About Ferrari","4/4/21"
"Formula 1: Drive to Survive: Season 3: Nobody's Fool","4/4/21"
"Formula 1: Drive to Survive: Season 3: Back On Track","4/4/21"
"Formula 1: Drive to Survive: Season 3: Cash Is King","4/4/21"
"Rick and Morty: Season 2: Auto Erotic Assimilation","4/4/21"
"Rick and Morty: Season 2: Mortynight Run","4/4/21"
"Rick and Morty: Season 2: A Rickle in Time","4/4/21"
"Rick and Morty: Season 1: Ricksy Business","4/3/21"
"Rick and Morty: Season 1: Close Rick-counters of the Rick Kind","4/3/21"
"Rick and Morty: Season 1: Something Ricked This Way Comes","4/3/21"
"Rick and Morty: Season 1: Rixty Minutes","3/30/21"
"Rick and Morty: Season 1: Raising Gazorpazorp","3/17/21"
"Rick and Morty: Season 1: Rick Potion #9","3/16/21"
"Rick and Morty: Season 1: Meeseeks and Destroy","3/16/21"
"Rick and Morty: Season 1: M. Night Shaym-Aliens!","3/15/21"
"Rick and Morty: Season 1: Anatomy Park","3/15/21"
"Rick and Morty: Season 1: Lawnmower Dog","3/15/21"
"Rick and Morty: Season 1: Pilot","3/15/21"
"Alex Fernández: The Best Comedian in the World","3/14/21"
"Spider-Man: Homecoming","3/14/21"
"El Especial de Alex Fernández, el Especial","3/14/21"
"Cargo","3/13/21"
"Rocky Balboa","3/13/21"
"Rocky V","3/13/21"
"Rocky IV","2/12/21"
"Rocky III","2/7/21"
"Rocky II","2/6/21"
"12 Monkeys","2/1/21"
"Godzilla","1/30/21"
"Rocky","1/29/21"
"Godzilla","1/29/21"
"The Expendables 2","1/23/21"
"Creed II","1/20/21"
"Creed","1/18/21"
"Lupin: Part 1: Chapter 5","1/17/21"
"Lupin: Part 1: Chapter 4","1/17/21"
"Lupin: Part 1: Chapter 3","1/17/21"
"Lupin: Part 1: Chapter 2","1/17/21"
"Lupin: Part 1: Chapter 1","1/16/21"
"The Walking Dead: Season 9: The Storm","1/8/21"
"The Walking Dead: Season 9: Scars","1/8/21"
"The Walking Dead: Season 9: What Comes After","1/8/21"
"The Walking Dead: Season 9: The Obliged","1/8/21"
"The Walking Dead: Season 9: A New Beginning","1/8/21"
"The Walking Dead: Season 8: Wrath","1/8/21"
"The Walking Dead: Season 8: Honor","1/8/21"
"The Walking Dead: Season 8: Mercy","1/8/21"
"The Walking Dead: Season 7: The First Day of the Rest of Your Life","1/8/21"
"Justice League","1/3/21"
"Man of Steel","12/29/20"
"Batman v Superman: Dawn of Justice","12/24/20"
"The Midnight Sky","12/24/20"
"Modern Family: Season 4: New Year's Eve","12/4/20"
"SpongeBob SquarePants: Season 5: The Pest of the West","12/4/20"
"SpongeBob SquarePants: Season 5: The Inmates of Summer / To Save a Squirrel","12/4/20"
"SpongeBob SquarePants: Season 5: The Two Faces of Squidward / Spongehenge","12/4/20"
"The Conjuring","12/4/20"
"Shooter","11/7/20"
"Modern Family: Season 4: Diamond in the Rough","11/1/20"
"Down to Earth with Zac Efron: Season 1: France","10/3/20"
"The Social Dilemma","9/23/20"
"Darkest Hour","9/9/20"
"Too Hot to Handle: Season 1: Lust or Bust","8/2/20"
"Down to Earth with Zac Efron: Season 1: Iceland","7/13/20"
"Love, Death & Robots: Volume 1: THE WITNESS","7/13/20"
"Love, Death & Robots: Volume 1: ICE AGE","7/12/20"
"Love, Death & Robots: Volume 1: THREE ROBOTS","7/12/20"
"Love, Death & Robots: Volume 1: SUCKER OF SOULS","7/12/20"
"Love, Death & Robots: Volume 1: THE SECRET WAR","7/12/20"
"Love, Death & Robots: Volume 1: SHAPE-SHIFTERS","7/12/20"
"Love, Death & Robots: Volume 1: SUITS","7/12/20"
"Love, Death & Robots: Volume 1: BEYOND THE AQUILA RIFT","7/12/20"
"Love, Death & Robots: Volume 1: SONNIE'S EDGE","7/11/20"
"Modern Family: Season 4: When a Tree Falls","7/10/20"
"Modern Family: Season 4: Mistery Date","7/10/20"
"Modern Family: Season 4: Arrested","7/10/20"
"Modern Family: Season 4: Yard Sale","7/10/20"
"Modern Family: Season 4: Open House of Horrors","7/10/20"
"Modern Family: Season 4: The Butler's Escape","7/10/20"
"Floor Is Lava: Season 1: The Kitchen: Level 1","7/9/20"
"Floor Is Lava: Season 1: The Planetarium: Level 1","7/9/20"
"Modern Family: Season 4: Snip","7/2/20"
"Modern Family: Season 4: Schooled","7/2/20"
"Modern Family: Season 4: Bringing Up Baby","7/2/20"
"Modern Family: Season 3: Baby on Board","7/2/20"
"Modern Family: Season 1: Pilot","7/2/20"
"Miracle in Cell No. 7","6/29/20"
"Cable Girls: Season 1: Chapter 1: Dreams","6/27/20"
"Floor Is Lava: Season 1: The Bedroom: Level 1","6/27/20"
"Floor Is Lava: Season 1: The Basement: Level 1","6/24/20"
"Merlí: Season 2: Episode 6","6/23/20"
"Merlí: Season 2: Episode 5","6/23/20"
"Merlí: Season 2: Episode 4","6/23/20"
"The Titan Games: Season 1: Let the Titan Games Begin: Trials 1","6/22/20"
"Minimalism: A Documentary About the Important Things","6/17/20"
"The Mind, Explained: Season 1: Dreams","6/17/20"
"The Mind, Explained: Season 1: Psychedelics","6/17/20"
"The Mind, Explained: Season 1: Mindfulness","6/17/20"
"The Mind, Explained: Season 1: Memory","6/17/20"
"Merlí: Season 2: Episode 3","6/14/20"
"Merlí: Season 2: Episode 2","6/14/20"
"Merlí: Season 2: Episode 1","6/14/20"
"Merlí: Season 1: Nietzsche","6/11/20"
"Merlí: Season 1: Hume","6/10/20"
"Merlí: Season 1: The Sophists","6/10/20"
"Merlí: Season 1: The Skeptics","6/9/20"
"Merlí: Season 1: Epicurus","6/9/20"
"Merlí: Season 1: Guy Debord","6/8/20"
"Merlí: Season 1: Foucault","6/7/20"
"Merlí: Season 1: Schopenhauer","6/6/20"
"Merlí: Season 1: Socrates","6/6/20"
"Merlí: Season 1: Aristotle","6/6/20"
"Merlí: Season 1: Machiavelli","6/6/20"
"Merlí: Season 1: Plato","6/5/20"
"Merlí: Season 1: The Peripatetics","6/5/20"
"The Dreamseller","5/23/20"
"Formula 1: Drive to Survive: Season 2: Checkered Flag","5/21/20"
"Formula 1: Drive to Survive: Season 2: Blood, Sweat & Tears","5/20/20"
"Formula 1: Drive to Survive: Season 2: Musical Chairs","5/19/20"
"Too Hot to Handle: Season 1: Sisters over Misters","5/18/20"
"Too Hot to Handle: Season 1: The Bryce Isn't Right","5/18/20"
"Formula 1: Drive to Survive: Season 2: Seeing Red","5/17/20"
"Formula 1: Drive to Survive: Season 2: Raging Bulls","5/17/20"
"Formula 1: Drive to Survive: Season 2: Great Expectations","5/17/20"
"Too Hot to Handle: Season 1: Boys to Men","5/17/20"
"Too Hot to Handle: Season 1: Two's Company, Three's a ... Threesome","5/17/20"
"Too Hot to Handle: Season 1: Revenge Is a Dish Best Served Hot","5/17/20"
"Too Hot to Handle: Season 1: When Harry Met Francesca","5/17/20"
"Too Hot to Handle: Season 1: Love, Sex or Money","5/17/20"
"Formula 1: Drive to Survive: Season 2: Dark Days","5/17/20"
"Formula 1: Drive to Survive: Season 2: Dogfight","5/17/20"
"Formula 1: Drive to Survive: Season 2: Boiling Point","5/17/20"
"Formula 1: Drive to Survive: Season 2: Lights Out","5/16/20"
"Formula 1: Drive to Survive: Season 1: Crossing the Line","5/16/20"
"Formula 1: Drive to Survive: Season 1: Stars and Stripes","5/16/20"
"Formula 1: Drive to Survive: Season 1: The Next Generation","5/14/20"
"Formula 1: Drive to Survive: Season 1: Keeping Your Head","5/14/20"
"Formula 1: Drive to Survive: Season 1: All or Nothing","5/14/20"
"Formula 1: Drive to Survive: Season 1: Trouble at the Top","5/13/20"
"Formula 1: Drive to Survive: Season 1: The Art of War","5/13/20"
"Money Heist: The Phenomenon","5/13/20"
"Formula 1: Drive to Survive: Season 1: Redemption","5/12/20"
"Formula 1: Drive to Survive: Season 1: The King of Spain","5/12/20"
"Formula 1: Drive to Survive: Season 1: All to Play For","5/12/20"
"Kong: Skull Island","5/11/20"
"Money Heist: Part 4: The Paris Plan","5/8/20"
"Money Heist: Part 4: Strike the Tent","5/8/20"
"Money Heist: Part 4: TKO","5/8/20"
"Money Heist: Part 4: 5 Minutes Earlier","5/8/20"
"Money Heist: Part 4: Pasodoble","5/8/20"
"Money Heist: Part 4: Anatomy Lesson","5/8/20"
"Money Heist: Part 4: Berlin's Wedding","5/8/20"
"Money Heist: Part 4: Game Over","5/8/20"
"Money Heist: Part 3: Astray","5/8/20"
"Money Heist: Part 3: A Quick Vacation","5/8/20"
"Money Heist: Part 3: Everything Seemed Insignificant","5/8/20"
"Money Heist: Part 3: Boom, Boom, Ciao","5/7/20"
"Money Heist: Part 3: It's Dolphin Time","5/7/20"
"Money Heist: Part 3: 48 Meters Underground","5/7/20"
"Money Heist: Part 3: Aikido","5/7/20"
"Abstract: The Art of Design: Season 2: Cas Holman: Design for Play","5/7/20"
"Abstract: The Art of Design: Season 2: Neri Oxman: Bio-Architecture","5/7/20"
"Money Heist: Part 3: We're Back","5/3/20"
"Money Heist: Part 2: Episode 9","5/3/20"
"Extraction","5/3/20"
"SpongeBob SquarePants: Season 5: The Original Fry Cook / Night Light","5/3/20"
"Abstract: The Art of Design: Season 2: Jonathan Hoefler: Typeface Design","4/24/20"
"Abstract: The Art of Design: Season 2: Ian Spalter: Digital Product Design","4/23/20"
"Abstract: The Art of Design: Season 2: Ruth Carter: Costume Design","4/23/20"
"Abstract: The Art of Design: Season 1: Bjarke Ingels: Architecture","4/23/20"
"Abstract: The Art of Design: Season 1: Es Devlin: Stage Design","4/22/20"
"Abstract: The Art of Design: Season 1: Tinker Hatfield: Footwear Design","4/22/20"
"Abstract: The Art of Design: Season 1: Christoph Niemann: Illustration","4/22/20"
"The Platform","4/14/20"
"Night on Earth: Shot in the Dark","4/14/20"
"72 Dangerous Animals: Asia: Season 1: Chemical Warfare","3/17/20"
"72 Dangerous Animals: Asia: Season 1: Jaws and Claws","3/17/20"
"72 Dangerous Animals: Asia: Season 1: Wrong Place, Wrong Time","3/17/20"
"Franco Escamilla: Bienvenido al mundo","3/17/20"
"Our Planet - Behind The Scenes","3/17/20"
"Print the Legend","3/17/20"
"Our Planet: Season 1: Jungles","3/16/20"
"Our Planet: Season 1: Frozen Worlds","3/16/20"
"Our Planet: Season 1: One Planet","3/16/20"
"SpongeBob SquarePants: Season 5: Friend or Foe","3/16/20"
"Titans: Season 2: Trigon","2/16/20"
"Titans: Season 1: Dick	Grayson","2/16/20"
"Titans: Season 1: Koriand'r","2/15/20"
"Titans: Season 1: Hank and	Dawn","2/15/20"
"Titans: Season 1: Donna Troy","2/15/20"
"Titans: Season 1: The Asylum","2/15/20"
"Titans: Season 1: Jason Todd","2/15/20"
"Titans: Season 1: Together","2/15/20"
"Night on Earth: Limited Series: Jungle Nights","2/8/20"
"Night on Earth: Limited Series: Frozen Nights","2/8/20"
"Night on Earth: Limited Series: Moonlit Plains","2/8/20"
"The Boss Baby: Back in Business: Season 1: Scooter Buskie","2/8/20"
"The Secret Life of Pets","1/22/20"
"Gravity Falls: Season 2: Soos and the Real Girl","12/8/19"
"Gravity Falls: Season 2: Sock Opera","12/8/19"
"Gravity Falls: Season 2: The Golf War","12/8/19"
"Gravity Falls: Season 2: Scary-Oke","12/8/19"
"Blair Witch","12/8/19"
"The Croods","12/8/19"
"The Christmas Chronicles","12/8/19"
"Klaus","12/8/19"
"Sing","12/8/19"
"In the Tall Grass","12/8/19"
